Workbook

Sheet Raw Data
A1: Brand Name | B1: Product Name | C1: Quantity | D1: Platform | E1: Pin Code | F1: Area | G1: MRP (₹) | H1: Selling Price (₹) | I1: Discount (%) | J1: Stock Status | K1: Delivery Time (min) | L1: offer
A2: =LEFT(B2, FIND(" ",B2)-1) -> 8x | B2: 8x Bottle of 120ml Shampoo | C2: 120 ml | D2: Blinkit | E2: 560034 | F2: Koramangala | G2: ₹297 | H2: ₹345 | I2: 13% OFF | J2: In Stock | K2: 18 mins | L2: 0.13
A3: =LEFT(B3, FIND(" ",B3)-1) -> 8X | B3: 8X KT Shampoo | C3: 60 ml | D3: Blinkit | E3: 560034 | F3: Koramangala | G3: ₹447 | H3: ₹471 | I3: 5% OFF | J3: In Stock | K3: 18 mins | L3: 0.05
A4: =LEFT(B4, FIND(" ",B4)-1) -> Anveshan | B4: Anveshan Cold Pressed Virgin Coconut Oil (Thengina Enne) | C4: 250 ml | D4: Blinkit | E4: 560034 | F4: Koramangala | G4: ₹283 | H4: ₹350 | I4: 19% OFF | J4: In Stock | K4: 18 mins | L4: 0.19
A5: =LEFT(B5, FIND(" ",B5)-1) -> Arata | B5: Arata Damage Defence Super Hair Serum | C5: 30 ml | D5: Blinkit | E5: 560034 | F5: Koramangala | G5: ₹383 | H5: ₹450 | I5: 14% OFF | J5: In Stock | K5: 18 mins | L5: 0.14
A6: =LEFT(B6, FIND(" ",B6)-1) -> Arata | B6: Arata Hair Growth Shampoo & Serum Everyday Combo | C6: 330 ml | D6: Blinkit | E6: 560034 | F6: Koramangala | G6: ₹462 | H6: ₹599 | I6: 22% OFF | J6: In Stock | K6: 18 mins | L6: 0.22
A7: =LEFT(B7, FIND(" ",B7)-1) -> Aroma | B7: Aroma Magic Castor Oil | C7: 100 ml | D7: Blinkit | E7: 560034 | F7: Koramangala | G7: ₹118 | H7: ₹138 | I7: 14% OFF | J7: In Stock | K7: 18 mins | L7: 0.14
A8: =LEFT(B8, FIND(" ",B8)-1) -> Aswini | B8: Aswini Homeo Arnica Hair Oil | C8: 180 ml | D8: Blinkit | E8: 560034 | F8: Koramangala | G8: ₹315 | H8: ₹351 | I8: 10% OFF | J8: In Stock | K8: 21 mins | L8: 0.1
A9: =LEFT(B9, FIND(" ",B9)-1) -> Aveeno | B9: Aveeno Daily Moisturise Baby Wash & Shampoo | C9: 532 ml | D9: Blinkit | E9: 560034 | F9: Koramangala | G9: ₹880 | J9: In Stock | K9: 18 mins | L9: NULL
A10: =LEFT(B10, FIND(" ",B10)-1) -> Avimee | B10: Avimee Herbal Rosemary Hair Oil | C10: 100 ml | D10: Blinkit | E10: 560034 | F10: Koramangala | G10: ₹330 | H10: ₹550 | I10: 40% OFF | J10: In Stock | K10: 21 mins | L10: 0.4
A11: =LEFT(B11, FIND(" ",B11)-1) -> Avimee | B11: Avimee Herbal Scalptone Hair Growth Serum | C11: 25 ml | D11: Blinkit | E11: 560034 | F11: Koramangala | G11: ₹699 | H11: ₹885 | I11: 21% OFF | J11: In Stock | K11: 18 mins | L11: 0.21
A12: =LEFT(B12, FIND(" ",B12)-1) -> Bajaj | B12: Bajaj Almond Drops Non-Sticky Hair Oil 95 ml | C12: 95 ml | D12: Blinkit | E12: 560034 | F12: Koramangala | G12: ₹85 | J12: In Stock | K12: 21 mins | L12: NULL
A13: =LEFT(B13, FIND(" ",B13)-1) -> Bajaj | B13: Bajaj Almond Drops Non-Sticky Hair Oil | C13: 340 ml | D13: Blinkit | E13: 560034 | F13: Koramangala | G13: ₹216 | H13: ₹335 | I13: 35% OFF | J13: In Stock | K13: 18 mins | L13: 0.35
A14: =LEFT(B14, FIND(" ",B14)-1) -> Bajaj | B14: Bajaj Almond Drops Non-Sticky Hair Oil 185 ml | C14: 185 ml | D14: Blinkit | E14: 560034 | F14: Koramangala | G14: ₹165 | J14: In Stock | K14: 18 mins | L14: NULL
A15: =LEFT(B15, FIND(" ",B15)-1) -> Bajaj | B15: Bajaj Aloe Vera Amla Hair Oil 3x Softer | C15: 500 ml | D15: Blinkit | E15: 560034 | F15: Koramangala | G15: ₹120 | H15: ₹145 | I15: 17% OFF | J15: In Stock | K15: 21 mins | L15: 0.17
A16: =LEFT(B16, FIND(" ",B16)-1) -> Bajaj | B16: Bajaj Castor Hair Oil | C16: 200 ml | D16: Blinkit | E16: 560034 | F16: Koramangala | G16: ₹164 | H16: ₹270 | I16: 39% OFF | J16: In Stock | K16: 18 mins | L16: 0.39
A17: =LEFT(B17, FIND(" ",B17)-1) -> Bajaj | B17: Bajaj 100% Pure Grade 1 Coconut Oil | C17: 600 ml | D17: Blinkit | E17: 560034 | F17: Koramangala | G17: ₹326 | H17: ₹560 | I17: 41% OFF | J17: In Stock | K17: 18 mins | L17: 0.41
A18: =LEFT(B18, FIND(" ",B18)-1) -> Bajaj | B18: Bajaj 100% Pure Grade 1 Coconut Oil | C18: 600 ml | D18: Blinkit | E18: 560034 | F18: Koramangala | G18: ₹369 | H18: ₹665 | I18: 44% OFF | J18: In Stock | K18: 21 mins | L18: 0.44
A19: =LEFT(B19, FIND(" ",B19)-1) -> Bajaj | B19: Bajaj Almond Drops Non-Sticky Hair Oil 185 ml | C19: 185 ml | D19: Blinkit | E19: 560034 | F19: Koramangala | G19: ₹1,350 | H19: ₹1,500 | I19: 10% OFF | J19: In Stock | K19: 21 mins | L19: 0.1
A20: =LEFT(B20, FIND(" ",B20)-1) -> Bajaj | B20: Bajaj Aloe Vera Amla Hair Oil 3x Softer | C20: 500 ml | D20: Blinkit | E20: 560034 | F20: Koramangala | G20: ₹469 | H20: ₹495 | I20: 5% OFF | J20: In Stock | K20: 21 mins | L20: 0.05
A21: =LEFT(B21, FIND(" ",B21)-1) -> Bajaj | B21: Bajaj 100% Pure Grade 1 Coconut Oil | C21: 600 ml | D21: Blinkit | E21: 560034 | F21: Koramangala | G21: ₹279 | H21: ₹295 | I21: 5% OFF | J21: In Stock | K21: 18 mins | L21: 0.05
A22: =LEFT(B22, FIND(" ",B22)-1) -> Bajaj | B22: Bajaj Castor Hair Oil | C22: 200 ml | D22: Blinkit | E22: 560034 | F22: Koramangala | G22: ₹380 | H22: ₹446 | I22: 14% OFF | J22: In Stock | K22: 18 mins | L22: 0.14
A23: =LEFT(B23, FIND(" ",B23)-1) -> Bajaj | B23: Bajaj Almond Drops Hair Serum | C23: 50 ml | D23: Blinkit | E23: 560034 | F23: Koramangala | G23: ₹248 | H23: ₹249 | J23: In Stock | K23: 18 mins | L23: NULL
A24: =LEFT(B24, FIND(" ",B24)-1) -> Bajaj | B24: Bajaj Almond Drops Hair Serum | C24: 100 ml | D24: Blinkit | E24: 560034 | F24: Koramangala | G24: ₹450 | H24: ₹499 | I24: 9% OFF | J24: In Stock | K24: 21 mins | L24: 0.09
A25: Bajaj Consumer Care | B25: Bajaj Almond Drops Anti Hairfall Shampoo with Almond Oil & Vitamin E for Men and Women | C25: 1 pack (340 ml) | D25: Zepto | E25: 560034 | F25: Koramangala | G25: 219 | H25: ₹399 | I25: 45% Off | J25: In Stock | K25: 18 mins | L25: 0.45
A26: Bajaj Consumer Care | B26: Bajaj Almond Drops Anti Hairfall Shampoo with Almond Oil & Vitamin E for Men and Women | C26: 1 pack (340 ml) | D26: Zepto | E26: 560034 | F26: Koramangala | G26: 219 | H26: ₹399 | I26: 45% Off | J26: In Stock | K26: 18 mins | L26: 0.45
A27: Bajaj Consumer Care | B27: Bajaj Almond Drops Anti Hairfall Shampoo with Almond Oil & Vitamin E for Men and Women | C27: 1 pack (340 ml) | D27: Zepto | E27: 560034 | F27: Koramangala | G27: 219 | H27: ₹399 | I27: 45% Off | J27: In Stock | K27: 18 mins | L27: 0.45
A28: =LEFT(B28, FIND(" ",B28)-1) -> Bare | B28: Bare Anatomy Ultra Smoothing Hair Serum | C28: 50 ml | D28: Blinkit | E28: 560034 | F28: Koramangala | G28: ₹164 | H28: ₹270 | I28: 39% OFF | J28: In Stock | K28: 18 mins | L28: 0.39
A29: =LEFT(B29, FIND(" ",B29)-1) -> Bare | B29: Bare Anatomy Advanced Hair Growth Serum | C29: 30 ml | D29: Blinkit | E29: 560034 | F29: Koramangala | G29: ₹149 | H29: ₹200 | I29: 25% OFF | J29: In Stock | K29: 18 mins | L29: 0.25
A30: =LEFT(B30, FIND(" ",B30)-1) -> Bare | B30: Bare Anatomy Argan & Vitamin E Anti-Frizz Hair Serum | C30: 75 ml | D30: Blinkit | E30: 560034 | F30: Koramangala | G30: ₹405 | H30: ₹449 | I30: 9% OFF | J30: In Stock | K30: 18 mins | L30: 0.09
A31: =LEFT(B31, FIND(" ",B31)-1) -> Bare | B31: Bare Anatomy Anti-Dandruff Shampoo | C31: 250 ml | D31: Blinkit | E31: 560034 | F31: Koramangala | G31: ₹148 | H31: ₹185 | I31: 20% OFF | J31: In Stock | K31: 19 mins | L31: 0.2
A32: =LEFT(B32, FIND(" ",B32)-1) -> Bare | B32: Bare Anatomy Anti-Hairfall Shampoo | C32: 250 ml | D32: Blinkit | E32: 560034 | F32: Koramangala | G32: ₹399 | H32: ₹499 | I32: 20% OFF | J32: In Stock | K32: 21 mins | L32: 0.2
A33: =LEFT(B33, FIND(" ",B33)-1) -> Bare | B33: Bare Anatomy Color Protect Shampoo | C33: 250 ml | D33: Blinkit | E33: 560034 | F33: Koramangala | G33: ₹1,197 | H33: ₹1,379 | I33: 13% OFF | J33: In Stock | K33: 21 mins | L33: 0.13
A34: =LEFT(B34, FIND(" ",B34)-1) -> Bare | B34: Bare Anatomy Damage Repair Shampoo | C34: 250 ml | D34: Blinkit | E34: 560034 | F34: Koramangala | G34: ₹374 | H34: ₹440 | I34: 15% OFF | J34: In Stock | K34: 18 mins | L34: 0.15
A35: =LEFT(B35, FIND(" ",B35)-1) -> BBlunt | B35: BBlunt Intense Moisture Hair Serum | C35: 70 ml | D35: Blinkit | E35: 560034 | F35: Koramangala | G35: ₹459 | H35: ₹540 | I35: 15% OFF | J35: In Stock | K35: 21 mins | L35: 0.15
A36: Bblunt | B36: BBlunt Intense Moisture Hair Mask With Jojoba Oil & Vitamin E | C36: 1 pc (250 g) | D36: Zepto | E36: 560034 | F36: Koramangala | G36: 439 | H36: ₹499 | I36: 12% Off | J36: In Stock | K36: 18 mins | L36: 0.12
A37: =LEFT(B37, FIND(" ",B37)-1) -> Be | B37: Be Bodywise 3% Redensyl Hair Growth Serum Roll On | C37: 25 ml | D37: Blinkit | E37: 560034 | F37: Koramangala | G37: ₹180 | J37: In Stock | K37: 18 mins | L37: NULL
A38: =LEFT(B38, FIND(" ",B38)-1) -> Be | B38: Be Bodywise 3% Redensyl Hair Growth Serum Roll On | C38: 50 ml | D38: Blinkit | E38: 560034 | F38: Koramangala | G38: ₹162 | H38: ₹340 | I38: 52% OFF | J38: In Stock | K38: 18 mins | L38: 0.52
A39: =LEFT(B39, FIND(" ",B39)-1) -> Beardo | B39: Beardo Hair Serum with Argan Oil | C39: 50 ml | D39: Blinkit | E39: 560034 | F39: Koramangala | G39: ₹222 | H39: ₹295 | I39: 24% OFF | J39: In Stock | K39: 18 mins | L39: 0.24
A40: =LEFT(B40, FIND(" ",B40)-1) -> Beardo | B40: Beardo Beard & Hair Growth Oil for Men | C40: 30 ml | D40: Blinkit | E40: 560034 | F40: Koramangala | G40: ₹352 | H40: ₹440 | I40: 20% OFF | J40: In Stock | K40: 18 mins | L40: 0.2
A41: =LEFT(B41, FIND(" ",B41)-1) -> Beardo | B41: Beardo Hair Serum with Argan Oil | C41: 50 ml | D41: Blinkit | E41: 560034 | F41: Koramangala | G41: ₹289 | H41: ₹345 | I41: 16% OFF | J41: In Stock | K41: 18 mins | L41: 0.16
A42: =LEFT(B42, FIND(" ",B42)-1) -> Biotique | B42: Biotique Mountain Ebony Anti Hair Fall Hair Serum | C42: 120 ml | D42: Blinkit | E42: 560034 | F42: Koramangala | G42: ₹441 | H42: ₹525 | I42: 16% OFF | J42: In Stock | K42: 18 mins | L42: 0.16
A43: =LEFT(B43, FIND(" ",B43)-1) -> Biotique | B43: Biotique Fresh Neem Anti Dandruff Shampoo & Conditioner | C43: 340 ml | D43: Blinkit | E43: 560034 | F43: Koramangala | G43: ₹171 | H43: ₹210 | I43: 18% OFF | J43: In Stock | K43: 18 mins | L43: 0.18
A44: =LEFT(B44, FIND(" ",B44)-1) -> Bontress | B44: Bontress PRO+ Scalp Hair Growth Serum | C44: 30 ml | D44: Blinkit | E44: 560034 | F44: Koramangala | G44: ₹189 | H44: ₹250 | I44: 24% OFF | J44: In Stock | K44: 18 mins | L44: 0.24
A45: =LEFT(B45, FIND(" ",B45)-1) -> Bontress | B45: Bontress PRO+ Scalp Hair Growth Serum | C45: 60 ml | D45: Blinkit | E45: 560034 | F45: Koramangala | G45: ₹680 | H45: ₹849 | I45: 19% OFF | J45: In Stock | K45: 21 mins | L45: 0.19
A46: =LEFT(B46, FIND(" ",B46)-1) -> Bontress | B46: Bontress PRO+ Scalp Hair Growth Serum | C46: 30 ml | D46: Blinkit | E46: 560034 | F46: Koramangala | G46: ₹333 | H46: ₹350 | J46: In Stock | K46: 18 mins | L46: NULL
A47: =LEFT(B47, FIND(" ",B47)-1) -> Bontress | B47: Bontress PRO+ Scalp Hair Growth Serum | C47: 60 ml | D47: Blinkit | E47: 560034 | F47: Koramangala | G47: ₹680 | H47: ₹849 | I47: 19% OFF | J47: In Stock | K47: 21 mins | L47: 0.19
A48: =LEFT(B48, FIND(" ",B48)-1) -> Brillare | B48: Brillare Science Argan Hair Oil | C48: 100 ml | D48: Blinkit | E48: 560034 | F48: Koramangala | G48: ₹289 | H48: ₹345 | I48: 16% OFF | J48: In Stock | K48: 21 mins | L48: 0.16
A49: =LEFT(B49, FIND(" ",B49)-1) -> Brillare | B49: Brillare Science Rosemary Hair Oil | C49: 100 ml | D49: Blinkit | E49: 560034 | F49: Koramangala | G49: ₹289 | H49: ₹345 | I49: 16% OFF | J49: In Stock | K49: 19 mins | L49: 0.16
A50: =LEFT(B50, FIND(" ",B50)-1) -> Brillare | B50: Brillare Science Rosemary Hair Oil Shots | C50: 8 x 6 ml | D50: Blinkit | E50: 560034 | F50: Koramangala | G50: ₹719 | H50: ₹795 | I50: 9% OFF | J50: In Stock | K50: 18 mins | L50: 0.09
A51: =LEFT(B51, FIND(" ",B51)-1) -> Brillare | B51: Brillare Science Rosemary Hair Oil | C51: 100 ml | D51: Blinkit | E51: 560034 | F51: Koramangala | G51: ₹625 | H51: ₹650 | J51: In Stock | K51: 21 mins | L51: NULL
A52: =LEFT(B52, FIND(" ",B52)-1) -> Brillare | B52: Brillare Science Anti Dandruff Shampoo | C52: 300 ml | D52: Blinkit | E52: 560034 | F52: Koramangala | G52: ₹399 | H52: ₹499 | I52: 20% OFF | J52: In Stock | K52: 18 mins | L52: 0.2
A53: =LEFT(B53, FIND(" ",B53)-1) -> Careberry | B53: Careberry Rosemary & Jojoba Hair Oil | C53: 200 ml | D53: Blinkit | E53: 560034 | F53: Koramangala | G53: ₹599 | H53: ₹699 | I53: 14% OFF | J53: In Stock | K53: 21 mins | L53: 0.14
A54: Chik | B54: Chik Protein Therapy Shampoo| For Strong & Black Hair | With The Goodness Of Black Tea, and Flax Seeds | C54: 1 pc (650 ml) | D54: Zepto | E54: 560034 | F54: Koramangala | G54: 294 | H54: ₹666 | I54: 55% Off | J54: In Stock | K54: 18 mins | L54: 0.55
A55: =LEFT(B55, FIND(" ",B55)-1) -> Clinic | B55: Clinic Plus Strength & Shine With Egg Protein Shampoo | C55: 650 ml | D55: Blinkit | E55: 560034 | F55: Koramangala | G55: ₹569 | H55: ₹575 | J55: In Stock | K55: 21 mins | L55: NULL
A56: =LEFT(B56, FIND(" ",B56)-1) -> Clinic | B56: Clinic Plus Strength & Shine Shampoo with Egg Protein | C56: 175 ml | D56: Blinkit | E56: 560034 | F56: Koramangala | G56: ₹269 | H56: ₹304 | I56: 11% OFF | J56: In Stock | K56: 19 mins | L56: 0.11
A57: Clinic Plus | B57: Clinic Plus Strong & Thick Shampoo | C57: 1 pc (650 ml) | D57: Zepto | E57: 560034 | F57: Koramangala | G57: 427 | H57: ₹815 | I57: 47% Off | J57: In Stock | K57: 18 mins | L57: 0.47
A58: Clinic Plus | B58: Clinic Plus Strong & Thick Shampoo | C58: 1 pc (650 ml) | D58: Zepto | E58: 560034 | F58: Koramangala | G58: 427 | H58: ₹815 | I58: 47% Off | J58: In Stock | K58: 21 mins | L58: 0.47
A59: Clinic Plus | B59: Clinic Plus Strong & Long Shampoo with Milk Proteins and Multivitamins | C59: 80 ml | D59: Swiggy | E59: 560034 | F59: Koramangala | G59: 49 | H59: NULL | I59: NULL | J59: In Stock | K59: 18 mins | L59: NUL
A60: Clinic Plus | B60: Clinic Plus Strong & Long Health Shampoo | C60: 340 ml | D60: Swiggy | E60: 560034 | F60: Koramangala | G60: 254 | H60: NULL | I60: NULL | J60: In Stock | K60: 18 mins | L60: NUL
A61: Clinic Plus | B61: Clinic Plus Strong & Long Health Shampoo | C61: 650 ml | D61: Swiggy | E61: 560034 | F61: Koramangala | G61: 378 | H61: NULL | I61: NULL | J61: In Stock | K61: 18 mins | L61: NUL
A62: Clinic Plus | B62: Clinic Plus Strength & Shine With Egg Protein Shampoo | C62: 355 ml | D62: Swiggy | E62: 560034 | F62: Koramangala | G62: 274 | H62: NULL | I62: NULL | J62: In Stock | K62: 18 mins | L62: NUL
A63: Clinic Plus | B63: Clinic Plus Naturally Strong Herbal Extract Shampoo | C63: 340 ml | D63: Swiggy | E63: 560034 | F63: Koramangala | G63: 274 | H63: NULL | I63: NULL | J63: In Stock | K63: 18 mins | L63: NUL
A64: Clinic Plus | B64: Clinic Plus Strength & Smooth Shampoo, Fenugreek Protein + Hibiscus | C64: 650 ml | D64: Swiggy | E64: 560034 | F64: Koramangala | G64: 642 | H64: NULL | I64: NULL | J64: In Stock | K64: 18 mins | L64: NUL
A65: Clinic plus | B65: Clinic Plus Strong & Long Shampoo with Milk Proteins and Multivitamins | C65: 175 ml | D65: Swiggy | E65: 560034 | F65: Koramangala | G65: 140 | H65: NULL | I65: NULL | J65: In Stock | K65: 18 mins | L65: NUL
A66: Clinic plus | B66: Clinic Plus Strength & Shine Shampoo With Egg Protein | C66: 175 ml | D66: Swiggy | E66: 560034 | F66: Koramangala | G66: 179 | H66: 340 | I66: 25% OFF | J66: In Stock | K66: 18 mins | L66: 0.25
A67: Clinic plus | B67: Clinic Plus Strong & Thick Shampoo With Rice Water, Protein + Vitamin E | C67: 355 ml | D67: Swiggy | E67: 560034 | F67: Koramangala | G67: 295 | H67: 760 | I67: 50% OFF | J67: In Stock | K67: 18 mins | L67: 0.5
A68: Clinic plus | B68: Clinic Plus Strength & Smooth Shampoo, Fenugreek Protein + Hibiscus | C68: 355 ml | D68: Swiggy | E68: 560034 | F68: Koramangala | G68: 324 | H68: 365 | I68: 24% OFF | J68: In Stock | K68: 18 mins | L68: 0.24
A69: Clinic plus | B69: Clinic Plus Strong & Thick Shampoo with Rice Water, Protein + Vitamin E | C69: 650 ml | D69: Swiggy | E69: 560034 | F69: Koramangala | G69: 479 | H69: 365 | I69: 24% OFF | J69: In Stock | K69: 21 mins | L69: 0.24
A70: =LEFT(B70, FIND(" ",B70)-1) -> Coco | B70: Coco Crush Cold Pressed Virgin Coconut Oil | C70: 500 ml | D70: Blinkit | E70: 560034 | F70: Koramangala | G70: ₹435 | H70: ₹445 | J70: In Stock | K70: 18 mins | L70: NULL
A71: =LEFT(B71, FIND(" ",B71)-1) -> Coco | B71: Coco Crush Cold Pressed Almond Oil (Badam Rogan) | C71: 50 ml | D71: Blinkit | E71: 560034 | F71: Koramangala | G71: ₹225 | H71: ₹295 | I71: 23% OFF | J71: In Stock | K71: 21 mins | L71: 0.23
A72: =LEFT(B72, FIND(" ",B72)-1) -> Coco | B72: Coco Soul Cold Pressed Virgin Coconut Oil | C72: 250 ml | D72: Blinkit | E72: 560034 | F72: Koramangala | G72: ₹250 | H72: ₹299 | I72: 16% OFF | J72: In Stock | K72: 18 mins | L72: 0.16
A73: =LEFT(B73, FIND(" ",B73)-1) -> Coco | B73: Coco Crush Lice Removal Shampoo with Treatment Comb | C73: 50 ml | D73: Blinkit | E73: 560034 | F73: Koramangala | G73: ₹154 | J73: In Stock | K73: 18 mins | L73: NULL
A74: =LEFT(B74, FIND(" ",B74)-1) -> Conscious | B74: Conscious Food Cold Pressed Coconut Oil | C74: 500 ml | D74: Blinkit | E74: 560034 | F74: Koramangala | G74: ₹479 | H74: ₹590 | I74: 18% OFF | J74: In Stock | K74: 21 mins | L74: 0.18
A75: =LEFT(B75, FIND(" ",B75)-1) -> Conscious | B75: Conscious Food Virgin Organic Coconut Oil | C75: 500 ml | D75: Blinkit | E75: 560034 | F75: Koramangala | G75: ₹473 | H75: ₹679 | I75: 30% OFF | J75: In Stock | K75: 21 mins | L75: 0.3
A76: =LEFT(B76, FIND(" ",B76)-1) -> Curl | B76: Curl Up Curl Moisturising Shampoo | C76: 200 ml | D76: Blinkit | E76: 560034 | F76: Koramangala | G76: ₹345 | H76: ₹490 | I76: 29% OFF | J76: In Stock | K76: 21 mins | L76: 0.29
A77: =LEFT(B77, FIND(" ",B77)-1) -> Curl | B77: Curl Up Curly Hair Shampoo & Conditioner with Defining Cream | C77: 3 pcs | D77: Blinkit | E77: 560034 | F77: Koramangala | G77: ₹475 | H77: ₹510 | I77: 6% OFF | J77: In Stock | K77: 21 mins | L77: 0.06
A78: Curl Up | B78: Curl Up Intense Hydrating Hair Mask | Deep Conditioner For Curly Hair & Wavy Hair | Silicone Free | C78: 1 pc (200 g) | D78: Zepto | E78: 560034 | F78: Koramangala | G78: 637 | H78: ₹750 | I78: 15% Off | J78: In Stock | K78: 18 mins | L78: 0.15
A79: Dabur | B79: Dabur Vatika Ayurvedic Shampoo | C79: 340 ml | D79: Swiggy | E79: 560034 | F79: Koramangala | G79: 143 | H79: 287 | I79: 50% OFF | J79: In Stock | K79: 21 mins | L79: 0.5
A80: Dabur | B80: Dabur Vatika Health Shampoo | C80: 340 ml | D80: Swiggy | E80: 560034 | F80: Koramangala | G80: 143 | H80: 287 | I80: 50% OFF | J80: In Stock | K80: 18 mins | L80: 0.5
A81: Dabur | B81: Dabur Vatika Ayurvedic Shampoo Bottle | C81: 640 ml | D81: Swiggy | E81: 560034 | F81: Koramangala | G81: 331 | H81: 662 | I81: 50% OFF | J81: In Stock | K81: 18 mins | L81: 0.5
A82: =LEFT(B82, FIND(" ",B82)-1) -> Dabur | B82: Dabur 100% Natural Cold Pressed Castor Oil | C82: 200 ml | D82: Blinkit | E82: 560034 | F82: Koramangala | G82: ₹225 | H82: ₹299 | I82: 24% OFF | J82: In Stock | K82: 18 mins | L82: 0.24
A83: =LEFT(B83, FIND(" ",B83)-1) -> Dabur | B83: Dabur Vatika Rosemary Hair Oil | C83: 100 ml | D83: Blinkit | E83: 560034 | F83: Koramangala | G83: ₹109 | H83: ₹247 | I83: 55% OFF | J83: In Stock | K83: 18 mins | L83: 0.55
A84: =LEFT(B84, FIND(" ",B84)-1) -> Dabur | B84: Dabur Almond Hair Oil - Keratin & 10x Vitamin E | C84: 290 ml | D84: Blinkit | E84: 560034 | F84: Koramangala | G84: ₹98 | H84: ₹203 | I84: 51% OFF | J84: In Stock | K84: 18 mins | L84: 0.51
A85: =LEFT(B85, FIND(" ",B85)-1) -> Dabur | B85: Dabur Amla Hair Oil - For Strong, Long and Thick Hair | C85: 275 ml | D85: Blinkit | E85: 560034 | F85: Koramangala | G85: ₹110 | H85: ₹137 | I85: 19% OFF | J85: In Stock | K85: 21 mins | L85: 0.19
A86: =LEFT(B86, FIND(" ",B86)-1) -> Dabur | B86: Dabur Amla Hair Oil - For Strong, Long and Thick Hair | C86: 550 ml | D86: Blinkit | E86: 560034 | F86: Koramangala | G86: ₹162 | H86: ₹340 | I86: 52% OFF | J86: In Stock | K86: 18 mins | L86: 0.52
A87: =LEFT(B87, FIND(" ",B87)-1) -> Dabur | B87: Dabur Amla Hair Oil | C87: 180 ml | D87: Blinkit | E87: 560034 | F87: Koramangala | G87: ₹83 | H87: ₹92 | I87: 9% OFF | J87: In Stock | K87: 18 mins | L87: 0.09
A88: =LEFT(B88, FIND(" ",B88)-1) -> Dabur | B88: Dabur Almond Hair Oil - Keratin & 10X Vitamin E | C88: 485 ml | D88: Blinkit | E88: 560034 | F88: Koramangala | G88: ₹217 | H88: ₹309 | I88: 29% OFF | J88: In Stock | K88: 18 mins | L88: 0.29
A89: =LEFT(B89, FIND(" ",B89)-1) -> Dabur | B89: Dabur Anmol Gold Pure Coconut Hair Oil | C89: 550 ml | D89: Blinkit | E89: 560034 | F89: Koramangala | G89: ₹255 | H89: ₹425 | I89: 40% OFF | J89: In Stock | K89: 18 mins | L89: 0.4
A90: =LEFT(B90, FIND(" ",B90)-1) -> Dabur | B90: Dabur Anmol Gold 100% Pure Coconut Hair Oil | C90: 550 ml | D90: Blinkit | E90: 560034 | F90: Koramangala | G90: ₹270 | H90: ₹450 | I90: 40% OFF | J90: In Stock | K90: 18 mins | L90: 0.4
A91: =LEFT(B91, FIND(" ",B91)-1) -> Dabur | B91: Dabur Badam Rogan Tail / Almond Oil | C91: 100 ml | D91: Blinkit | E91: 560034 | F91: Koramangala | G91: ₹344 | H91: ₹440 | I91: 21% OFF | J91: In Stock | K91: 18 mins | L91: 0.21
A92: =LEFT(B92, FIND(" ",B92)-1) -> Dabur | B92: Dabur Vatika Rosemary Hair Oil | C92: 100 ml | D92: Blinkit | E92: 560034 | F92: Koramangala | G92: ₹148 | H92: ₹185 | I92: 20% OFF | J92: In Stock | K92: 18 mins | L92: 0.2
A93: =LEFT(B93, FIND(" ",B93)-1) -> Dabur | B93: Dabur Almond Hair Oil - Keratin & 10x Vitamin E | C93: 290 ml | D93: Blinkit | E93: 560034 | F93: Koramangala | G93: ₹529 | H93: ₹549 | J93: In Stock | K93: 18 mins | L93: NULL
A94: =LEFT(B94, FIND(" ",B94)-1) -> Dabur | B94: Dabur 100% Natural Cold Pressed Castor Oil | C94: 200 ml | D94: Blinkit | E94: 560034 | F94: Koramangala | G94: ₹153 | H94: ₹175 | I94: 12% OFF | J94: In Stock | K94: 18 mins | L94: 0.12
A95: =LEFT(B95, FIND(" ",B95)-1) -> Dabur | B95: Dabur Amla Hair Oil - For Strong, Long and Thick Hair | C95: 550 ml | D95: Blinkit | E95: 560034 | F95: Koramangala | G95: ₹99 | H95: ₹180 | I95: 45% OFF | J95: In Stock | K95: 18 mins | L95: 0.45
A96: =LEFT(B96, FIND(" ",B96)-1) -> Dabur | B96: Dabur Vatika Naturals Health Shampoo with Henna & Amla | C96: 340 ml | D96: Blinkit | E96: 560034 | F96: Koramangala | G96: ₹446 | H96: ₹815 | I96: 45% OFF | J96: In Stock | K96: 21 mins | L96: 0.45
A97: =LEFT(B97, FIND(" ",B97)-1) -> Dabur | B97: Dabur Vatika Anti Dandruff - Power of 7 Natural Ingredients Shampoo | C97: 340 ml | D97: Blinkit | E97: 560034 | F97: Koramangala | G97: ₹1,484 | H97: ₹1,855 | I97: 20% OFF | J97: In Stock | K97: 21 mins | L97: 0.2
A98: =LEFT(B98, FIND(" ",B98)-1) -> Danfree | B98: Danfree 2% Shampoo 100ml | C98: 100 ml | D98: Blinkit | E98: 560034 | F98: Koramangala | G98: ₹127 | H98: ₹287 | I98: 55% OFF | J98: In Stock | K98: 18 mins | L98: 0.55
A99: =LEFT(B99, FIND(" ",B99)-1) -> Deconstruct | B99: Deconstruct Anti Dandruff Scalp Hair Serum | C99: 100 ml | D99: Blinkit | E99: 560034 | F99: Koramangala | G99: ₹629 | H99: ₹1,084 | I99: 41% OFF | J99: In Stock | K99: 18 mins | L99: 0.41
A100: =LEFT(B100, FIND(" ",B100)-1) -> Del | B100: Del Monte Multipurpose Cold Pressed Virgin Coconut Oil | C100: 250 ml | D100: Blinkit | E100: 560034 | F100: Koramangala | G100: ₹319 | J100: In Stock | K100: 18 mins | L100: NULL
...

Sheet Brand Summary
A1: Brand Name | B1: Available Platforms | C1: Avg Discount (%) | D1: Out of Stock Count
A2: Dove | B2: Blinkit,Zetpto,Swiggy | C2: =AVERAGEIFS('Raw Data'!L:L,'Raw Data'!A:A,'Brand Summary'!A2) -> 0.26787234 | D2: Null
A3: Pantene | B3: Blinkit,Zetpto,Swiggy | C3: =AVERAGEIFS('Raw Data'!L:L,'Raw Data'!A:A,'Brand Summary'!A3) -> 0.315 | D3: Null
A4: L'Oréal | B4: Blinkit,Zetpto,Swiggy | C4: =AVERAGEIFS('Raw Data'!L:L,'Raw Data'!A:A,'Brand Summary'!A4) -> 0.21833333 | D4: Null
A5: Tresemme | B5: Blinkit,Zetpto,Swiggy | C5: =AVERAGEIFS('Raw Data'!L:L,'Raw Data'!A:A,'Brand Summary'!A5) -> 0.238 | D5: Null
A6: Clinic Plus | B6: Blinkit,Zetpto,Swiggy | C6: =AVERAGEIFS('Raw Data'!L:L,'Raw Data'!A:A,'Brand Summary'!A6) -> 0.47 | D6: Null
A7: Head & Shoulders | B7: Blinkit,Zetpto,Swiggy | C7: =AVERAGEIFS('Raw Data'!L:L,'Raw Data'!A:A,'Brand Summary'!A7) -> 0.465 | D7: Null

Sheet Platform Comparison
A1: Platform | B1: No. of Brands Available | C1: Total Products | D1: Out of Stock Count | E1: Out of Stock Rate (%)
A2: Blinkit
A3: Zepto
A4: Instamart
